Transaction_ID,Date,Account_ID,Customer_ID,Transaction_Type,Amount,Currency,Branch_Code,Sector,Risk_Score,Market_Index,Interest_Rate,Loan_Balance,Investment_Value,Is_Fraud
T100000,2024-01-01,A2824,C427,Investment,14793.0,INR,B810,SME,0.8,9423.72,1.84,38816.57,26625.2,0
T100001,2024-01-02,A1409,C653,Loan Payment,19316.38,EUR,B607,Private Banking,0.48,5582.42,9.19,67413.03,5769.73,0
T100002,2024-01-03,A5506,C182,Credit,42571.72,EUR,B395,Corporate,0.12,3145.45,7.02,25990.5,30281.89,0
T100003,2024-01-04,A5012,C241,Investment,15914.41,INR,B778,Private Banking,0.13,5894.42,8.46,34519.22,5860.2,0
T100004,2024-01-05,A4657,C254,Investment,8557.69,INR,B510,Private Banking,0.69,14710.49,8.91,91748.58,16860.33,0
T100005,2024-01-06,A3286,C336,Loan Payment,27884.38,INR,B933,SME,0.43,12618.45,6.15,29050.45,7142.1,0
T100006,2024-01-07,A2679,C492,Credit,46814.12,GBP,B878,Private Banking,0.2,14514.92,5.66,46998.83,34603.68,0
T100007,2024-01-08,A9935,C810,Credit,34831.89,EUR,B663,SME,0.49,8854.25,4.87,89014.11,10312.61,0
T100008,2024-01-09,A2424,C256,Investment,28546.05,GBP,B137,Retail,0.06,4316.83,3.85,70772.14,19592.97,0
T100009,2024-01-10,A7912,C823,Debit,4949.11,GBP,B565,Retail,0.58,9575.51,4.91,6220.32,44783.74,0
T100010,2024-01-11,A1520,C319,Investment,30788.86,INR,B190,SME,0.27,8452.53,7.96,14730.3,10215.82,0
T100011,2024-01-12,A1488,C165,Investment,49503.69,INR,B422,Retail,0.8,13132.28,6.42,784.16,25390.25,0
T100012,2024-01-13,A2535,C524,Investment,7090.19,USD,B358,Corporate,0.31,4176.99,9.03,63092.18,20963.58,0
T100013,2024-01-14,A4582,C517,Investment,25964.65,USD,B431,Private Banking,0.46,8858.89,4.99,44767.34,906.2,0
T100014,2024-01-15,A4811,C438,Loan Payment,43880.92,GBP,B218,Corporate,0.01,4800.58,6.46,13427.49,39637.91,0
T100015,2024-01-16,A9279,C655,Credit,37064.35,EUR,B891,Private Banking,0.07,6896.11,6.68,95793.41,3452.3,0
T100016,2024-01-17,A1434,C577,Loan Payment,34881.09,INR,B513,Retail,0.39,11848.28,6.33,52965.97,23712.75,0
T100017,2024-01-18,A4257,C525,Loan Payment,35153.96,INR,B985,Corporate,0.48,8712.22,7.32,24189.33,28033.91,0
T100018,2024-01-19,A9928,C163,Loan Payment,18038.61,GBP,B626,Retail,0.6,7510.66,3.14,50060.36,31421.32,0
T100019,2024-01-20,A7873,C311,Investment,14750.23,USD,B944,Private Banking,0.29,7733.72,5.61,67962.03,34431.58,0
T100020,2024-01-21,A4611,C952,Debit,40487.12,EUR,B101,SME,0.69,8513.36,1.94,7623.92,12663.62,0
T100021,2024-01-22,A8359,C530,Credit,40524.66,USD,B773,SME,0.86,12420.2,4.46,27470.38,498.94,0
T100022,2024-01-23,A5557,C498,Debit,43366.91,USD,B990,Corporate,0.78,13705.02,5.39,80696.55,36172.18,0
T100023,2024-01-24,A1106,C888,Loan Payment,45670.7,USD,B655,Retail,0.04,14464.02,6.87,45966.49,26782.83,0
T100024,2024-01-25,A3615,C698,Loan Payment,25615.99,USD,B573,Retail,0.48,12442.84,9.55,54657.71,41805.89,0
T100025,2024-01-26,A7924,C812,Debit,25125.66,INR,B523,Corporate,0.1,6784.88,6.41,43281.6,41069.42,0
T100026,2024-01-27,A6574,C120,Debit,39934.93,INR,B155,SME,0.24,11257.62,7.69,4389.99,42166.31,0
T100027,2024-01-28,A5552,C977,Debit,32533.2,USD,B292,Private Banking,0.99,8251.24,5.56,16574.98,24254.73,0
T100028,2024-01-29,A3547,C883,Loan Payment,35128.15,EUR,B630,Corporate,0.14,6056.05,6.71,44554.16,16681.42,0
T100029,2024-01-30,A4527,C689,Loan Payment,39810.05,GBP,B470,Private Banking,0.5,13090.46,1.64,20918.55,39577.91,0
T100030,2024-01-31,A6514,C489,Credit,44511.27,EUR,B737,SME,0.62,3461.12,3.29,4997.9,22564.71,0
T100031,2024-02-01,A2674,C588,Credit,16965.96,EUR,B874,Retail,0.7,13821.14,4.26,84364.97,9172.11,0
T100032,2024-02-02,A2519,C106,Loan Payment,18841.59,EUR,B610,SME,0.56,8537.73,5.25,98119.25,42748.7,0
T100033,2024-02-03,A7224,C460,Debit,4789.7,USD,B740,Corporate,0.01,10646.42,1.41,79314.29,44127.99,0
T100034,2024-02-04,A2584,C405,Debit,28956.18,INR,B552,Retail,0.33,10912.25,2.26,85378.49,23315.49,0
T100035,2024-02-05,A6881,C871,Credit,1893.52,EUR,B878,Corporate,0.52,13741.41,3.49,24197.71,3784.99,0
T100036,2024-02-06,A6635,C499,Loan Payment,23333.34,USD,B152,Corporate,0.09,10640.04,9.74,96062.7,19391.3,0
T100037,2024-02-07,A5333,C973,Credit,27177.97,EUR,B308,SME,0.35,10367.2,3.98,19692.57,40176.88,0
T100038,2024-02-08,A1711,C955,Credit,14398.41,EUR,B373,Corporate,0.03,3799.82,5.34,95142.98,45088.7,0
T100039,2024-02-09,A8527,C529,Investment,29582.58,USD,B662,SME,0.08,9220.9,2.76,99481.93,10173.64,1
T100040,2024-02-10,A9785,C651,Investment,1621.96,INR,B234,Retail,0.4,4802.03,6.5,71172.28,3348.68,0
T100041,2024-02-11,A3045,C865,Investment,1963.67,INR,B394,SME,0.13,11849.21,3.53,98114.37,43867.52,0
T100042,2024-02-12,A7201,C852,Debit,41147.77,GBP,B548,Retail,0.57,9146.66,2.86,56953.98,19470.25,0
T100043,2024-02-13,A2291,C659,Loan Payment,18073.51,USD,B815,SME,0.69,11162.73,5.65,25954.18,27088.05,0
T100044,2024-02-14,A5803,C919,Loan Payment,6440.32,GBP,B596,Private Banking,0.8,3500.07,1.05,43699.59,48403.29,0
T100045,2024-02-15,A6925,C717,Loan Payment,26159.94,GBP,B224,Private Banking,0.2,4017.5,1.07,59356.09,3328.24,0
T100046,2024-02-16,A4150,C325,Loan Payment,38522.68,GBP,B129,Corporate,0.17,11595.88,2.97,7308.16,32415.9,0
T100047,2024-02-17,A2139,C599,Investment,10869.47,INR,B745,SME,0.1,3865.01,1.33,62234.33,3705.27,0
T100048,2024-02-18,A1750,C324,Debit,31182.23,USD,B723,SME,0.64,3855.08,1.97,98117.78,18773.45,0
T100049,2024-02-19,A4733,C379,Debit,4358.84,GBP,B918,Retail,0.71,3145.3,4.05,19010.76,40190.73,0
T100050,2024-02-20,A5741,C546,Investment,2678.92,USD,B345,Corporate,0.03,14478.02,8.22,79259.51,21673.61,0
T100051,2024-02-21,A2307,C597,Debit,26614.6,USD,B826,SME,0.94,11850.1,6.15,90789.88,49859.12,0
T100052,2024-02-22,A4814,C129,Investment,27077.69,INR,B262,Corporate,0.05,7239.02,5.61,94370.16,27952.96,0
T100053,2024-02-23,A2654,C498,Loan Payment,31907.75,GBP,B418,Private Banking,0.54,6558.43,3.64,96013.56,16058.11,1
T100054,2024-02-24,A7227,C444,Investment,36331.96,GBP,B664,SME,0.71,7196.44,9.39,52145.96,11005.57,0
T100055,2024-02-25,A5554,C784,Loan Payment,48795.02,USD,B114,SME,0.87,12295.84,4.57,97730.79,17526.03,0
T100056,2024-02-26,A8428,C795,Loan Payment,25863.39,EUR,B665,Corporate,0.71,10936.45,1.78,75731.02,18626.66,0
T100057,2024-02-27,A6977,C917,Credit,16215.53,INR,B517,SME,0.8,5222.35,6.55,16167.14,3435.68,0
T100058,2024-02-28,A3664,C514,Investment,39779.79,INR,B195,Corporate,0.34,5089.31,2.02,47690.01,18478.71,0
T100059,2024-02-29,A7065,C841,Credit,13614.53,INR,B330,SME,0.81,4180.75,4.11,71833.12,23211.93,0
T100060,2024-03-01,A6820,C269,Investment,22004.67,INR,B961,Retail,0.08,10923.63,5.57,24734.03,36136.89,0
T100061,2024-03-02,A4432,C960,Investment,4014.97,GBP,B216,Corporate,0.89,12172.47,8.87,64061.52,32836.47,0
T100062,2024-03-03,A5374,C578,Credit,1365.0,GBP,B572,SME,0.55,6180.56,5.44,66660.05,35438.28,0
T100063,2024-03-04,A2169,C230,Credit,48136.16,EUR,B220,Private Banking,0.82,3251.34,7.32,16269.97,418.18,0
T100064,2024-03-05,A3803,C737,Investment,41815.41,INR,B763,SME,0.45,3986.06,9.94,56508.53,10883.37,0
T100065,2024-03-06,A9751,C646,Debit,34829.11,INR,B952,Private Banking,0.64,14614.32,2.18,77162.69,33084.21,0
T100066,2024-03-07,A5010,C127,Loan Payment,20506.75,USD,B257,Private Banking,0.53,6545.34,3.47,49889.57,24199.47,0
T100067,2024-03-08,A3677,C503,Credit,8747.39,GBP,B610,Retail,0.73,12230.68,4.55,1210.31,265.67,0
T100068,2024-03-09,A8573,C706,Loan Payment,7906.21,INR,B833,Corporate,0.08,10495.96,4.8,903.85,40224.73,0
T100069,2024-03-10,A7216,C677,Debit,12587.12,EUR,B398,SME,0.06,7583.28,4.7,35702.93,38640.48,0
T100070,2024-03-11,A5422,C778,Debit,27506.41,EUR,B621,Retail,0.25,5468.25,9.17,92619.41,27420.96,0
T100071,2024-03-12,A4598,C127,Debit,35758.34,GBP,B822,SME,0.16,4456.64,7.43,22867.68,3323.17,0
T100072,2024-03-13,A6313,C185,Credit,33043.85,EUR,B379,Private Banking,0.87,10380.16,6.47,63436.37,38325.75,0
T100073,2024-03-14,A1916,C758,Debit,14068.7,EUR,B525,Corporate,0.22,12295.61,3.78,22207.59,29185.68,0
T100074,2024-03-15,A4752,C538,Credit,47747.78,GBP,B954,SME,0.98,10726.85,8.41,32167.0,39098.0,0
T100075,2024-03-16,A1525,C238,Debit,36921.06,INR,B594,SME,0.34,9363.63,9.6,84804.21,37587.35,0
T100076,2024-03-17,A6168,C987,Loan Payment,27762.27,INR,B583,Private Banking,0.18,3503.41,8.39,72886.14,40150.1,0
T100077,2024-03-18,A7572,C572,Loan Payment,30624.87,EUR,B349,SME,0.79,14621.87,1.01,9539.93,25900.4,0
T100078,2024-03-19,A5386,C286,Investment,21038.04,EUR,B567,SME,0.66,12584.57,6.73,42870.2,7016.23,0
T100079,2024-03-20,A2084,C151,Loan Payment,12461.78,INR,B664,Private Banking,0.5,6513.86,1.46,2916.98,33557.87,0
T100080,2024-03-21,A4456,C366,Investment,17863.04,GBP,B248,Retail,0.56,14759.64,3.32,48089.01,31023.69,0
T100081,2024-03-22,A6155,C488,Loan Payment,37916.52,EUR,B492,Private Banking,0.72,10222.58,1.54,66243.4,37112.66,0
T100082,2024-03-23,A4483,C435,Credit,818.24,USD,B295,Retail,0.23,9989.07,6.43,11850.26,8494.05,0
T100083,2024-03-24,A9179,C316,Loan Payment,5892.02,GBP,B713,Corporate,1.0,11976.88,7.18,28888.49,9748.76,0
T100084,2024-03-25,A7482,C565,Investment,2395.53,EUR,B620,Retail,0.97,12741.24,2.03,39783.66,44520.48,0
T100085,2024-03-26,A8517,C434,Investment,2132.37,EUR,B864,Retail,0.65,10877.74,4.45,91953.1,37498.89,0
T100086,2024-03-27,A3340,C445,Debit,42787.48,USD,B239,Corporate,0.2,4537.15,5.11,99325.5,45411.42,0
T100087,2024-03-28,A5339,C879,Credit,35212.53,USD,B984,Retail,0.68,7059.21,4.32,4491.13,37935.77,0
T100088,2024-03-29,A3287,C488,Loan Payment,23761.27,INR,B171,Private Banking,0.07,14137.0,2.09,76100.79,29857.77,0
T100089,2024-03-30,A5040,C384,Debit,4981.92,GBP,B382,Retail,0.03,5695.39,4.77,37172.41,32706.64,0
T100090,2024-03-31,A9830,C870,Loan Payment,24631.63,GBP,B891,Corporate,0.26,7466.0,7.76,39245.82,44456.4,0
T100091,2024-04-01,A5304,C951,Loan Payment,23726.24,INR,B908,Private Banking,0.46,8184.92,1.64,75426.5,28940.34,0
T100092,2024-04-02,A8019,C531,Debit,8742.77,GBP,B974,Corporate,0.87,8272.86,1.72,91842.64,31619.57,0
T100093,2024-04-03,A7543,C358,Debit,21749.2,GBP,B524,Corporate,0.73,10355.27,4.19,95092.86,7823.84,0
T100094,2024-04-04,A6930,C954,Debit,19985.39,GBP,B448,SME,0.74,14316.91,9.48,57712.26,23696.06,0
T100095,2024-04-05,A4593,C183,Debit,30830.92,GBP,B906,SME,0.43,5888.31,7.02,35712.12,35819.86,0
T100096,2024-04-06,A3266,C581,Debit,31791.17,GBP,B619,Corporate,0.35,4458.02,7.11,78754.91,13547.13,0
T100097,2024-04-07,A9348,C119,Loan Payment,2360.67,USD,B373,Corporate,0.37,5369.65,4.26,25100.14,10112.71,0
T100098,2024-04-08,A9085,C867,Debit,18793.17,GBP,B940,Corporate,0.99,13643.1,6.34,56407.4,15691.34,0
T100099,2024-04-09,A2489,C652,Credit,31330.41,USD,B102,SME,0.04,10749.73,1.09,35857.85,12075.03,0
T100100,2024-04-10,A1771,C153,Investment,25206.5,GBP,B389,SME,0.87,6430.88,6.72,65663.11,10745.63,0
T100101,2024-04-11,A2796,C458,Debit,42838.84,INR,B843,Retail,0.58,12791.36,9.22,24039.89,21242.54,0
T100102,2024-04-12,A3504,C329,Debit,32968.81,EUR,B405,Retail,0.44,13336.44,6.51,19159.29,45391.93,0
T100103,2024-04-13,A3621,C765,Loan Payment,8230.43,USD,B957,Corporate,0.73,13158.17,8.86,91823.91,25352.98,0
T100104,2024-04-14,A7916,C170,Debit,3621.38,GBP,B701,Private Banking,0.49,14027.12,7.52,10180.37,9396.02,0
T100105,2024-04-15,A2040,C899,Debit,32156.72,INR,B693,Private Banking,0.87,6026.89,2.09,50595.79,3848.58,0
T100106,2024-04-16,A7304,C767,Debit,1422.91,EUR,B775,SME,0.9,12060.5,9.12,22085.28,34807.81,0
T100107,2024-04-17,A7252,C141,Loan Payment,29330.2,USD,B601,SME,0.42,8526.47,1.6,3893.0,19139.94,0
T100108,2024-04-18,A8668,C872,Debit,47017.49,EUR,B986,SME,0.28,13103.98,5.81,3601.88,41091.55,0
T100109,2024-04-19,A9669,C131,Investment,28816.16,INR,B252,Corporate,0.59,11741.89,2.28,17522.18,32975.54,0
T100110,2024-04-20,A5119,C353,Loan Payment,19469.68,USD,B557,Private Banking,0.91,12317.37,1.11,86677.04,39812.07,0
T100111,2024-04-21,A1188,C304,Investment,32200.08,EUR,B651,Retail,0.21,10873.94,4.8,28247.87,13597.3,0
T100112,2024-04-22,A2876,C959,Loan Payment,22966.82,GBP,B595,Corporate,0.62,5129.15,3.66,95045.92,34617.95,0
T100113,2024-04-23,A9797,C120,Debit,27326.28,USD,B453,Retail,0.63,9540.32,5.37,58162.23,13203.1,0
T100114,2024-04-24,A5371,C736,Investment,47079.09,EUR,B440,Retail,0.73,14816.04,6.19,43661.42,46953.42,0
T100115,2024-04-25,A6573,C256,Loan Payment,19366.52,INR,B665,Corporate,0.13,14248.66,1.39,58008.88,31818.71,0
T100116,2024-04-26,A2827,C344,Credit,48063.41,INR,B881,Retail,0.72,3518.08,2.11,51669.84,16225.59,0
T100117,2024-04-27,A5808,C229,Debit,45277.0,USD,B656,Private Banking,0.91,4977.78,6.03,75877.63,13475.59,0
T100118,2024-04-28,A8123,C584,Loan Payment,9869.98,EUR,B486,Retail,0.18,4580.75,4.09,28249.61,9546.33,0
T100119,2024-04-29,A3591,C785,Credit,3561.13,USD,B566,Private Banking,0.24,11711.76,7.56,35305.04,34732.05,0
T100120,2024-04-30,A8433,C217,Loan Payment,5128.82,USD,B429,Private Banking,0.97,12813.42,6.87,89409.43,10935.78,0
T100121,2024-05-01,A1053,C677,Credit,1009.27,EUR,B990,Private Banking,0.18,5562.14,8.61,94645.65,29765.16,0
T100122,2024-05-02,A5315,C323,Debit,4812.7,EUR,B293,SME,0.85,9070.23,7.23,89255.82,13231.75,0
T100123,2024-05-03,A9201,C576,Investment,34182.04,GBP,B814,Retail,0.49,13088.44,4.87,41944.8,33098.45,0
T100124,2024-05-04,A3927,C816,Credit,3652.31,EUR,B344,Corporate,0.25,11793.62,7.06,78036.55,40746.99,0
T100125,2024-05-05,A9317,C362,Loan Payment,16016.88,INR,B685,Corporate,0.87,9506.85,3.48,47633.57,38901.26,0
T100126,2024-05-06,A2743,C885,Debit,42259.28,USD,B492,Retail,0.45,10084.17,3.76,49753.99,38042.57,0
T100127,2024-05-07,A5889,C477,Credit,1261.27,USD,B339,SME,0.51,9100.33,8.1,20468.01,9386.12,0
T100128,2024-05-08,A9317,C271,Loan Payment,40741.98,INR,B976,SME,0.36,6570.58,5.02,59113.03,4419.25,0
T100129,2024-05-09,A4258,C720,Loan Payment,14164.55,EUR,B894,Private Banking,0.59,9780.26,8.19,18613.59,34947.44,0
T100130,2024-05-10,A3504,C721,Loan Payment,5996.42,INR,B520,Retail,0.16,11266.62,8.4,33156.47,18417.36,0
T100131,2024-05-11,A7126,C865,Credit,34867.18,INR,B144,Retail,0.39,13479.87,8.72,85503.02,21617.31,0
T100132,2024-05-12,A3646,C835,Credit,31484.25,GBP,B425,Corporate,0.97,10635.5,9.25,20707.58,1557.45,0
T100133,2024-05-13,A9837,C217,Credit,43885.85,INR,B862,Retail,0.26,12133.46,4.88,7115.83,12978.82,0
T100134,2024-05-14,A9689,C896,Investment,36780.05,USD,B584,SME,0.66,4920.86,3.87,6900.76,1683.82,0
T100135,2024-05-15,A1009,C938,Credit,40193.7,INR,B822,Retail,0.33,8538.69,6.24,94078.45,43959.29,0
T100136,2024-05-16,A6310,C267,Credit,14173.53,USD,B930,Corporate,0.77,3111.98,4.34,50692.04,12169.83,0
T100137,2024-05-17,A9005,C418,Credit,8954.23,USD,B490,Private Banking,0.13,5960.15,6.41,40941.21,27866.86,0
T100138,2024-05-18,A1319,C210,Investment,37555.68,USD,B495,Corporate,0.97,11717.54,7.35,81087.86,1948.97,0
T100139,2024-05-19,A2832,C692,Credit,40361.05,EUR,B779,Corporate,0.45,14901.72,7.2,83582.59,33342.37,0
T100140,2024-05-20,A6947,C126,Loan Payment,49526.21,GBP,B911,Private Banking,0.24,4190.14,4.37,33219.1,16151.37,0
T100141,2024-05-21,A6038,C419,Credit,20689.62,USD,B940,Corporate,0.07,7817.93,2.5,69361.81,44895.96,0
T100142,2024-05-22,A4923,C689,Loan Payment,18663.7,USD,B767,Corporate,0.17,12600.85,4.87,77112.28,44405.91,0
T100143,2024-05-23,A1949,C793,Loan Payment,38843.01,EUR,B255,Retail,0.52,5448.43,2.28,65465.07,16264.53,0
T100144,2024-05-24,A4946,C484,Loan Payment,17106.1,USD,B607,Retail,0.34,9661.02,9.01,15159.51,45048.04,0
T100145,2024-05-25,A2290,C506,Investment,46544.79,INR,B137,Private Banking,0.83,11796.86,4.11,87588.31,49807.88,0
T100146,2024-05-26,A2403,C832,Investment,42934.8,INR,B229,Retail,0.43,10391.83,2.39,53909.46,41270.78,0
T100147,2024-05-27,A8962,C303,Investment,21506.8,GBP,B614,Retail,0.25,5256.3,1.23,28247.24,42243.57,0
T100148,2024-05-28,A2133,C177,Credit,37568.47,USD,B704,Corporate,0.62,7264.61,6.81,42522.82,12450.44,0
T100149,2024-05-29,A9727,C706,Loan Payment,37751.69,EUR,B439,SME,0.71,12405.5,6.73,3757.11,28835.12,0
T100150,2024-05-30,A3060,C807,Investment,5245.88,INR,B990,Retail,0.17,9650.72,4.07,12786.68,3362.8,0
T100151,2024-05-31,A3103,C950,Investment,45137.39,EUR,B202,SME,0.17,3062.76,1.65,76554.68,4745.9,0
T100152,2024-06-01,A8787,C742,Credit,25312.09,EUR,B995,Retail,0.04,12131.89,4.69,1.16,49944.63,0
T100153,2024-06-02,A3705,C348,Investment,41340.23,INR,B965,Retail,0.74,3423.74,3.8,41656.58,16331.96,0
T100154,2024-06-03,A5342,C204,Credit,16070.48,EUR,B550,Private Banking,0.66,11948.81,7.09,52251.02,37409.2,0
T100155,2024-06-04,A9645,C813,Debit,44786.61,INR,B202,Private Banking,0.47,5429.77,6.45,5463.44,40333.25,0
T100156,2024-06-05,A7932,C891,Investment,19521.16,EUR,B638,Private Banking,0.84,14496.88,4.28,97307.82,42901.16,0
T100157,2024-06-06,A4470,C408,Debit,640.8,INR,B567,SME,0.81,7415.29,2.96,22612.53,49881.41,0
T100158,2024-06-07,A9835,C970,Credit,45278.56,USD,B115,Corporate,0.59,6923.18,9.89,30419.87,12074.82,0
T100159,2024-06-08,A4295,C800,Loan Payment,4655.21,GBP,B839,Retail,0.87,4786.66,5.09,30394.25,2017.54,0
T100160,2024-06-09,A6107,C714,Investment,16033.75,INR,B247,Retail,0.21,6667.25,7.19,23041.67,20559.58,0
T100161,2024-06-10,A7537,C924,Credit,47508.09,INR,B519,Retail,0.11,13519.81,2.26,147.38,6504.03,0
T100162,2024-06-11,A7118,C223,Loan Payment,47535.3,GBP,B991,SME,0.27,14956.01,5.37,72934.48,1121.29,0
T100163,2024-06-12,A8177,C915,Loan Payment,28714.55,INR,B770,Private Banking,0.06,7419.71,1.25,96684.55,18021.34,0
T100164,2024-06-13,A9479,C679,Debit,31628.68,INR,B258,Corporate,0.53,8383.33,5.55,22429.35,39186.91,0
T100165,2024-06-14,A8397,C901,Credit,22477.43,EUR,B176,SME,0.94,11664.85,9.68,66304.72,28309.03,0
T100166,2024-06-15,A2982,C142,Loan Payment,14731.22,GBP,B580,Private Banking,0.04,13634.35,4.46,74189.63,15638.9,0
T100167,2024-06-16,A5061,C455,Investment,16500.36,USD,B900,SME,0.12,10116.53,1.35,84842.54,32717.1,0
T100168,2024-06-17,A4681,C645,Investment,33658.67,INR,B371,Corporate,0.45,7698.31,1.28,42262.92,11600.91,0
T100169,2024-06-18,A2049,C538,Debit,37643.49,GBP,B446,Private Banking,0.93,7951.46,4.49,30293.09,719.07,0
T100170,2024-06-19,A6539,C777,Loan Payment,39599.79,EUR,B738,SME,0.32,11347.42,2.44,32529.51,38217.67,0
T100171,2024-06-20,A1344,C479,Credit,39501.95,USD,B809,Corporate,0.51,3038.62,1.21,71262.13,31187.15,0
T100172,2024-06-21,A4770,C170,Investment,4651.18,GBP,B507,Retail,0.04,10435.07,7.81,81677.95,38115.13,0
T100173,2024-06-22,A4608,C618,Loan Payment,24771.57,USD,B765,Corporate,0.15,7265.92,5.13,18161.4,1946.9,0
T100174,2024-06-23,A1117,C763,Loan Payment,2972.18,USD,B182,Retail,0.99,12530.37,3.6,37094.1,41855.98,1
T100175,2024-06-24,A2163,C449,Debit,27521.49,USD,B972,SME,0.97,4115.89,9.1,90194.02,30976.31,0
T100176,2024-06-25,A1964,C112,Investment,22132.37,INR,B436,Private Banking,0.0,10058.43,2.05,80669.35,28169.77,0
T100177,2024-06-26,A4750,C969,Investment,44396.44,INR,B972,Private Banking,0.95,8771.67,9.6,98485.84,31230.7,0
T100178,2024-06-27,A2104,C530,Credit,17610.66,EUR,B790,SME,0.64,10707.91,3.83,75424.83,43221.66,0
T100179,2024-06-28,A1514,C942,Investment,5941.64,EUR,B979,Private Banking,0.87,3778.24,9.0,39319.52,29346.83,0
T100180,2024-06-29,A6413,C601,Credit,7235.28,GBP,B646,Private Banking,0.45,9959.81,6.43,59063.78,29047.52,0
T100181,2024-06-30,A2160,C208,Investment,38099.38,EUR,B489,Retail,0.52,9737.82,8.44,66101.43,49533.96,0
T100182,2024-07-01,A9423,C543,Debit,30949.08,USD,B424,SME,0.49,9727.92,9.86,7845.58,37836.51,0
T100183,2024-07-02,A4899,C470,Investment,5146.02,USD,B741,Corporate,0.67,10241.85,3.6,54449.7,22114.69,0
T100184,2024-07-03,A5562,C750,Credit,4296.93,INR,B835,Retail,0.14,11117.62,9.65,70932.08,35369.85,0
T100185,2024-07-04,A8953,C948,Credit,35078.36,USD,B877,SME,0.03,12659.87,4.51,16732.13,19461.52,0
T100186,2024-07-05,A4510,C570,Debit,3730.87,GBP,B599,Retail,0.31,6237.85,4.47,78063.17,11443.77,0
T100187,2024-07-06,A9834,C824,Investment,41110.82,USD,B993,Corporate,0.7,12900.59,4.06,58377.28,29842.59,0
T100188,2024-07-07,A3167,C256,Investment,35341.49,USD,B654,Corporate,0.2,8979.07,5.87,95222.18,46409.1,0
T100189,2024-07-08,A8744,C545,Debit,4159.3,GBP,B136,SME,0.67,3924.7,2.39,4242.23,46456.98,0
T100190,2024-07-09,A4981,C280,Investment,4333.4,EUR,B732,Corporate,0.97,3702.61,5.98,26532.61,17095.26,0
T100191,2024-07-10,A8749,C851,Investment,49333.31,EUR,B170,Retail,0.09,7010.86,5.88,60155.39,26383.87,0
T100192,2024-07-11,A7669,C634,Credit,18776.11,GBP,B340,Corporate,0.67,12418.76,7.86,29655.99,10581.79,0
T100193,2024-07-12,A4119,C766,Investment,18595.04,INR,B746,Retail,0.44,11492.17,8.5,71442.42,49781.56,0
T100194,2024-07-13,A2545,C376,Investment,40658.7,USD,B800,Retail,0.87,12463.38,4.96,75900.53,49055.9,0
T100195,2024-07-14,A2588,C730,Debit,47367.7,GBP,B394,Corporate,0.18,9207.23,3.72,10251.6,32475.45,0
T100196,2024-07-15,A8062,C927,Debit,49301.45,USD,B332,SME,0.69,8282.39,3.33,51385.45,40220.7,0
T100197,2024-07-16,A6804,C651,Loan Payment,37693.57,INR,B864,Private Banking,0.84,4769.43,2.75,50889.06,35755.01,0
T100198,2024-07-17,A7939,C893,Credit,18875.35,USD,B192,Corporate,0.94,6938.31,1.52,36928.08,29657.91,0
T100199,2024-07-18,A7735,C595,Investment,4266.69,GBP,B544,Retail,0.68,8208.23,4.08,93292.49,2667.4,0
T100200,2024-07-19,A8651,C576,Investment,38879.63,USD,B200,Retail,0.5,4063.21,3.43,82750.63,22738.22,0
T100201,2024-07-20,A1887,C546,Loan Payment,27964.37,EUR,B878,Corporate,0.62,5647.34,9.7,69720.94,33739.32,0
T100202,2024-07-21,A2612,C945,Investment,21268.68,INR,B748,SME,0.87,10178.7,6.02,71432.66,33876.58,0
T100203,2024-07-22,A1993,C848,Credit,45327.08,INR,B820,SME,0.57,11827.96,4.13,46171.61,18656.13,0
T100204,2024-07-23,A7596,C706,Loan Payment,5648.75,INR,B993,Retail,0.03,14980.17,6.22,92099.45,47084.6,0
T100205,2024-07-24,A6559,C374,Credit,24681.99,GBP,B202,Retail,0.93,14197.36,2.25,69459.54,8367.85,0
T100206,2024-07-25,A2790,C430,Loan Payment,666.55,INR,B554,SME,0.69,10710.78,5.0,72898.11,25017.97,0
T100207,2024-07-26,A5073,C972,Loan Payment,23486.17,EUR,B270,Private Banking,0.68,8054.98,6.64,86169.09,34544.2,0
T100208,2024-07-27,A4139,C351,Debit,2909.53,GBP,B810,Corporate,0.22,10634.13,5.4,27407.16,34856.79,0
T100209,2024-07-28,A4116,C950,Credit,6029.01,EUR,B406,Retail,0.66,12427.82,4.62,80707.09,32431.95,0
T100210,2024-07-29,A9786,C188,Investment,5964.56,USD,B129,Retail,0.39,4420.03,9.94,19524.06,13764.41,0
T100211,2024-07-30,A8350,C385,Investment,32495.59,USD,B147,SME,0.65,7918.86,8.92,34534.2,7810.33,0
T100212,2024-07-31,A3296,C561,Credit,37327.64,USD,B432,Corporate,0.11,13077.63,6.61,33561.05,31797.02,0
T100213,2024-08-01,A7912,C349,Investment,29210.1,USD,B915,SME,0.66,7606.0,6.12,97852.55,29965.11,0
T100214,2024-08-02,A4006,C868,Investment,48112.41,EUR,B157,Corporate,1.0,9862.47,6.59,85653.72,8967.8,0
T100215,2024-08-03,A5563,C575,Credit,18806.04,GBP,B400,Corporate,0.05,10053.23,2.81,70116.99,35256.96,0
T100216,2024-08-04,A8579,C683,Loan Payment,14357.03,GBP,B467,Corporate,0.98,5213.72,4.56,72705.68,22758.6,0
T100217,2024-08-05,A5092,C724,Credit,43443.1,INR,B483,Retail,0.41,7346.83,1.36,56207.28,33388.03,0
T100218,2024-08-06,A2235,C784,Loan Payment,11257.43,EUR,B541,Private Banking,0.87,7014.14,5.28,94709.07,41868.35,0
T100219,2024-08-07,A8260,C488,Investment,48164.8,USD,B249,SME,0.78,3314.36,5.89,49625.88,8486.42,0
T100220,2024-08-08,A2604,C444,Investment,706.51,EUR,B350,Private Banking,0.57,3290.3,3.05,38051.77,957.24,0
T100221,2024-08-09,A1828,C129,Investment,48496.95,INR,B643,SME,0.74,12980.36,9.68,16303.53,38955.13,0
T100222,2024-08-10,A9856,C606,Debit,2253.68,INR,B521,Corporate,0.88,6276.85,9.19,78620.57,30484.87,0
T100223,2024-08-11,A1241,C971,Loan Payment,44568.04,EUR,B679,Retail,0.4,9216.95,7.5,73444.39,34981.98,0
T100224,2024-08-12,A2528,C432,Debit,26432.29,EUR,B798,Private Banking,0.33,6584.71,5.8,38435.5,41907.75,0
T100225,2024-08-13,A4872,C286,Debit,49648.94,EUR,B911,Retail,0.67,14288.15,8.83,2519.34,40140.55,0
T100226,2024-08-14,A3724,C599,Credit,3782.45,GBP,B284,SME,0.81,6111.56,2.18,83899.73,48046.01,0
T100227,2024-08-15,A7658,C317,Debit,27737.33,USD,B274,Retail,0.76,8155.88,8.11,1141.8,26796.75,0
T100228,2024-08-16,A8956,C463,Credit,48468.2,EUR,B279,Retail,0.8,13472.76,2.12,70369.98,24424.78,0
T100229,2024-08-17,A8886,C916,Credit,26202.58,EUR,B180,Private Banking,0.44,13103.2,8.15,97025.71,20094.36,0
T100230,2024-08-18,A4502,C364,Debit,31506.99,EUR,B724,Corporate,0.82,5233.22,3.48,43766.13,7684.55,0
T100231,2024-08-19,A7570,C448,Loan Payment,34817.86,INR,B991,Retail,0.12,12631.72,8.89,23497.34,28630.36,0
T100232,2024-08-20,A1960,C386,Loan Payment,22781.6,INR,B491,Corporate,0.54,8498.24,9.5,70487.1,13850.63,0
T100233,2024-08-21,A3697,C710,Loan Payment,31415.15,GBP,B734,SME,0.01,8795.63,2.34,81712.81,46065.38,0
T100234,2024-08-22,A7209,C818,Loan Payment,29257.28,USD,B799,Retail,0.32,4601.76,5.16,54643.03,29159.54,0
T100235,2024-08-23,A1035,C382,Loan Payment,45067.78,GBP,B346,Private Banking,0.37,3967.22,9.83,96703.53,29642.01,0
T100236,2024-08-24,A7396,C669,Debit,2367.77,USD,B609,SME,0.4,11735.27,5.35,5166.87,17746.23,0
T100237,2024-08-25,A5345,C110,Debit,14120.06,INR,B697,SME,0.7,8957.53,8.77,50479.56,2599.47,0
T100238,2024-08-26,A8454,C629,Investment,47525.53,INR,B246,Private Banking,0.39,8242.21,6.3,71845.39,1587.19,0
T100239,2024-08-27,A5673,C295,Loan Payment,44524.16,INR,B337,Retail,0.45,11754.1,4.38,86264.05,21166.76,0
T100240,2024-08-28,A7930,C187,Debit,22837.27,GBP,B572,Retail,0.24,12186.15,3.57,17925.56,4228.27,0
T100241,2024-08-29,A8973,C347,Investment,31044.62,EUR,B753,SME,0.37,4906.9,2.83,80000.35,30342.35,0
T100242,2024-08-30,A3536,C837,Loan Payment,13941.32,EUR,B360,Retail,0.23,10322.7,7.86,55270.71,44048.65,0
T100243,2024-08-31,A4111,C516,Credit,9487.25,INR,B570,Corporate,0.07,4624.25,4.48,39655.37,44145.74,0
T100244,2024-09-01,A5861,C600,Investment,23238.55,EUR,B361,Private Banking,0.6,12016.5,5.6,13171.5,32952.27,0
T100245,2024-09-02,A4566,C668,Debit,17732.28,EUR,B782,Corporate,0.67,10883.46,5.43,86529.58,10561.59,0
T100246,2024-09-03,A1958,C876,Credit,29224.44,GBP,B109,Retail,0.62,14479.38,6.2,15727.32,43149.84,0
T100247,2024-09-04,A9883,C346,Credit,3978.96,USD,B923,SME,0.46,3827.5,8.79,30978.79,44304.67,0
T100248,2024-09-05,A1998,C807,Credit,48722.3,INR,B576,Private Banking,0.38,3684.66,9.83,29004.55,9832.68,0
T100249,2024-09-06,A6138,C587,Investment,49311.92,INR,B394,Retail,0.86,6386.24,4.67,87141.4,36871.3,0
T100250,2024-09-07,A1936,C761,Debit,34938.27,GBP,B793,Retail,0.52,6140.47,8.45,67270.3,14325.98,0
T100251,2024-09-08,A1821,C828,Credit,26851.21,GBP,B659,SME,0.48,5963.75,7.88,79668.14,40132.02,0
T100252,2024-09-09,A8811,C602,Loan Payment,15545.43,EUR,B261,SME,0.03,13875.05,6.16,25046.79,49861.89,0
T100253,2024-09-10,A9238,C558,Credit,40708.37,INR,B175,Corporate,0.34,5994.55,9.6,62487.41,1501.3,0
T100254,2024-09-11,A9701,C911,Credit,34268.09,USD,B552,Private Banking,0.38,6263.4,2.8,57174.6,44868.29,0
T100255,2024-09-12,A3579,C117,Investment,8214.59,GBP,B453,Private Banking,0.4,12112.78,1.98,83283.04,31131.53,0
T100256,2024-09-13,A1931,C195,Investment,45555.27,USD,B701,SME,0.58,8396.88,8.69,90608.71,48669.13,0
T100257,2024-09-14,A9320,C401,Debit,41144.61,USD,B406,Corporate,0.53,12320.53,4.95,1215.68,23250.48,0
T100258,2024-09-15,A2312,C326,Loan Payment,47495.02,INR,B754,Private Banking,0.61,3784.39,8.62,67401.99,42369.4,0
T100259,2024-09-16,A4044,C514,Investment,36313.4,INR,B534,SME,0.76,8850.85,9.04,5183.58,3119.7,0
T100260,2024-09-17,A2122,C808,Credit,30709.42,GBP,B806,Retail,0.81,3403.36,1.56,54885.87,16763.95,0
T100261,2024-09-18,A2113,C349,Debit,20970.33,INR,B356,Private Banking,0.72,3751.84,8.95,28763.27,3350.83,0
T100262,2024-09-19,A4853,C413,Credit,46643.15,INR,B567,Corporate,0.96,13877.25,5.03,30677.66,48767.16,0
T100263,2024-09-20,A7615,C779,Credit,43316.59,INR,B965,Corporate,0.02,4670.94,5.59,35295.85,40848.7,0
T100264,2024-09-21,A2964,C695,Investment,2356.41,USD,B409,Corporate,0.2,9389.05,6.64,62129.24,42627.37,0
T100265,2024-09-22,A5033,C477,Debit,1415.71,GBP,B303,Retail,0.01,7933.15,9.34,33405.0,46898.26,0
T100266,2024-09-23,A1651,C584,Loan Payment,18885.52,EUR,B493,Private Banking,0.65,7168.12,1.17,73269.91,4255.17,0
T100267,2024-09-24,A2343,C666,Loan Payment,40546.61,USD,B973,Private Banking,0.9,13798.0,5.29,40452.74,19279.88,0
T100268,2024-09-25,A7868,C643,Investment,49365.08,INR,B594,Retail,0.24,3261.88,7.19,6835.32,3551.74,0
T100269,2024-09-26,A9565,C452,Investment,7605.8,USD,B209,Private Banking,0.93,10965.48,7.5,78375.98,10539.66,0
T100270,2024-09-27,A6183,C535,Debit,29747.12,INR,B342,Retail,0.06,14560.73,7.23,28575.83,11468.29,0
T100271,2024-09-28,A5272,C863,Loan Payment,19106.45,INR,B490,Retail,0.93,9722.02,2.21,43276.69,23455.36,0
T100272,2024-09-29,A4346,C663,Loan Payment,48498.73,USD,B685,Retail,0.35,14241.87,3.69,68544.39,13428.11,0
T100273,2024-09-30,A6147,C438,Loan Payment,42121.73,GBP,B467,Corporate,0.1,3627.09,4.23,33245.62,5048.91,0
T100274,2024-10-01,A4910,C460,Credit,41932.6,INR,B688,Private Banking,0.49,8025.52,8.24,5658.57,8374.55,0
T100275,2024-10-02,A5351,C819,Loan Payment,23487.79,GBP,B402,Retail,0.26,6121.89,3.51,37392.1,7363.78,0
T100276,2024-10-03,A7484,C564,Credit,20799.49,EUR,B816,Private Banking,0.28,11769.85,2.9,94444.86,48653.84,0
T100277,2024-10-04,A3144,C377,Debit,13743.01,INR,B402,Corporate,0.31,14775.57,9.62,64173.44,37964.63,0
T100278,2024-10-05,A5915,C413,Credit,2913.14,GBP,B122,Retail,0.8,6078.36,1.08,67147.91,48388.07,0
T100279,2024-10-06,A8491,C357,Debit,43249.65,GBP,B949,SME,0.54,10850.1,9.98,63228.22,21987.02,0
T100280,2024-10-07,A6180,C336,Loan Payment,40663.76,EUR,B774,Corporate,0.31,5377.17,7.09,19899.21,13918.42,0
T100281,2024-10-08,A2188,C223,Loan Payment,49985.91,GBP,B505,SME,0.61,9783.96,8.46,41833.39,39914.66,0
T100282,2024-10-09,A1152,C838,Debit,49832.18,GBP,B381,Private Banking,0.72,8567.19,3.65,75093.98,16312.7,0
T100283,2024-10-10,A8508,C297,Investment,27816.04,EUR,B108,Private Banking,0.27,14664.06,1.13,10137.29,14969.17,1
T100284,2024-10-11,A2638,C423,Debit,38472.47,INR,B679,Corporate,0.41,10302.33,7.64,27785.28,11625.3,0
T100285,2024-10-12,A2200,C222,Investment,47243.81,GBP,B985,Private Banking,0.12,7194.08,8.51,27631.91,6483.95,1
T100286,2024-10-13,A9808,C860,Credit,42497.4,GBP,B802,SME,0.18,4369.15,7.66,43201.89,12823.15,0
T100287,2024-10-14,A4492,C648,Credit,12442.67,GBP,B896,Retail,0.68,4814.96,2.29,98036.87,17765.99,0
T100288,2024-10-15,A9288,C880,Credit,22582.15,USD,B862,Retail,0.18,5703.8,7.78,6750.25,33699.71,0
T100289,2024-10-16,A5345,C806,Loan Payment,6545.05,EUR,B150,Retail,0.53,6011.6,7.92,51870.1,3128.24,0
T100290,2024-10-17,A3170,C289,Credit,47707.15,USD,B720,Corporate,0.71,13207.39,6.93,17936.47,10525.35,0
T100291,2024-10-18,A6718,C296,Investment,30348.11,EUR,B863,Private Banking,0.11,9734.67,7.9,97067.65,40451.18,0
T100292,2024-10-19,A2127,C321,Credit,11509.28,INR,B608,SME,0.57,9280.69,8.61,11330.35,7346.1,0
T100293,2024-10-20,A5002,C856,Debit,33617.86,INR,B952,Private Banking,0.26,4377.23,6.52,40360.1,17132.26,0
T100294,2024-10-21,A7054,C595,Debit,30944.6,GBP,B393,Private Banking,0.96,13321.68,1.8,73788.5,43232.95,0
T100295,2024-10-22,A5669,C383,Loan Payment,17972.32,EUR,B894,Private Banking,0.48,11673.77,5.39,70455.44,7746.27,0
T100296,2024-10-23,A3584,C841,Debit,5766.52,INR,B918,Retail,0.81,3812.02,1.7,42272.86,4136.84,0
T100297,2024-10-24,A8179,C703,Investment,33611.5,EUR,B335,SME,0.55,11494.02,4.67,34652.42,24226.9,0
T100298,2024-10-25,A9900,C878,Credit,26063.35,INR,B721,SME,0.04,9522.46,4.66,39761.24,15120.98,0
T100299,2024-10-26,A5956,C637,Loan Payment,38638.69,USD,B921,Private Banking,0.63,3980.7,1.59,26427.63,28170.42,0
T100300,2024-10-27,A9666,C711,Credit,26056.16,INR,B460,Retail,0.95,8499.61,4.14,20533.29,40190.24,0
T100301,2024-10-28,A1128,C389,Credit,42623.86,USD,B324,Retail,0.6,8816.36,2.0,48303.97,6857.42,0
T100302,2024-10-29,A5905,C202,Investment,27640.15,INR,B751,SME,0.82,4989.29,8.27,26853.38,29034.95,0
T100303,2024-10-30,A2697,C952,Debit,28090.8,GBP,B294,Retail,0.88,14348.38,9.53,28746.17,25275.44,0
T100304,2024-10-31,A3200,C298,Debit,43845.01,USD,B735,Retail,0.23,13199.7,1.65,65675.61,7203.94,0
T100305,2024-11-01,A5333,C403,Credit,20233.8,INR,B356,Retail,0.21,11028.27,9.6,96853.73,31199.92,0
T100306,2024-11-02,A2891,C332,Loan Payment,6787.36,GBP,B794,Corporate,0.61,8547.55,5.7,60363.72,13682.02,0
T100307,2024-11-03,A2753,C469,Debit,1536.26,USD,B873,Private Banking,0.41,7941.19,3.7,7697.95,24391.72,0
T100308,2024-11-04,A3546,C283,Loan Payment,37781.35,GBP,B838,SME,0.84,10811.68,1.69,7558.36,4113.62,0
T100309,2024-11-05,A5462,C409,Debit,31053.45,EUR,B885,SME,0.9,9545.18,5.51,95142.32,22979.2,1
T100310,2024-11-06,A5616,C114,Loan Payment,35233.58,EUR,B775,Corporate,0.35,3747.28,8.15,29729.08,15323.17,0
T100311,2024-11-07,A4450,C825,Investment,10726.91,USD,B797,Private Banking,0.24,9150.03,7.36,9206.7,41119.06,0
T100312,2024-11-08,A6617,C646,Loan Payment,6904.94,INR,B958,SME,0.78,12676.84,1.45,59904.46,2848.94,0
T100313,2024-11-09,A4335,C229,Investment,825.78,USD,B240,Retail,0.27,8510.88,1.66,62364.88,20930.36,0
T100314,2024-11-10,A5325,C380,Investment,17594.32,GBP,B743,SME,0.82,3623.48,4.63,64850.48,22921.57,0
T100315,2024-11-11,A9280,C146,Loan Payment,29536.89,INR,B199,Retail,0.42,12435.34,3.66,26740.2,36250.3,0
T100316,2024-11-12,A9004,C155,Investment,19672.98,EUR,B742,Corporate,0.67,5416.37,3.09,1511.07,28714.38,0
T100317,2024-11-13,A5114,C666,Credit,21930.0,INR,B761,Retail,0.1,6103.45,3.53,96501.54,33360.62,0
T100318,2024-11-14,A1832,C399,Investment,45217.52,EUR,B140,SME,0.62,4976.48,8.23,25089.3,38852.46,0
T100319,2024-11-15,A2512,C814,Debit,17477.95,INR,B416,SME,0.45,6962.58,9.36,67602.63,43110.15,0
T100320,2024-11-16,A7939,C229,Loan Payment,25748.08,INR,B907,SME,0.59,12081.02,4.65,70662.99,15693.77,0
T100321,2024-11-17,A5533,C753,Credit,39204.29,INR,B551,Corporate,0.17,9232.63,9.15,61000.74,26901.14,0
T100322,2024-11-18,A1722,C989,Loan Payment,19887.48,GBP,B134,Corporate,0.74,5458.58,3.89,31290.74,42005.4,0
T100323,2024-11-19,A1058,C870,Debit,31142.13,GBP,B693,Private Banking,0.86,13533.96,5.29,27109.63,49472.56,0
T100324,2024-11-20,A6464,C602,Debit,43131.95,USD,B473,SME,0.22,13554.98,3.03,59766.83,44475.97,0
T100325,2024-11-21,A3143,C205,Debit,47481.08,USD,B849,Retail,0.1,13446.94,6.76,86609.56,18573.36,0
T100326,2024-11-22,A5291,C993,Investment,7438.97,EUR,B234,Corporate,0.02,5865.55,9.81,94673.37,9758.33,0
T100327,2024-11-23,A3647,C112,Investment,46336.72,GBP,B192,SME,0.64,8414.87,6.43,10590.58,24469.63,0
T100328,2024-11-24,A8239,C687,Loan Payment,24656.6,EUR,B402,SME,0.61,14819.88,4.22,15482.86,37082.07,0
T100329,2024-11-25,A8007,C391,Loan Payment,12986.39,USD,B434,Corporate,0.55,12264.15,6.83,94473.63,24628.45,0
T100330,2024-11-26,A1158,C580,Credit,23010.87,EUR,B865,Private Banking,0.23,3326.01,2.11,73653.52,24159.04,0
T100331,2024-11-27,A2832,C590,Credit,49003.63,USD,B525,Corporate,0.39,3782.46,9.0,88299.38,41911.52,0
T100332,2024-11-28,A2232,C551,Loan Payment,24681.64,GBP,B279,Corporate,0.59,8567.18,5.53,20263.26,18070.19,0
T100333,2024-11-29,A3442,C448,Investment,16504.71,INR,B305,Retail,0.5,13910.64,5.04,58758.59,42989.73,0
T100334,2024-11-30,A9938,C288,Debit,31706.7,GBP,B235,Retail,0.99,9464.42,6.27,70113.96,20340.24,0
T100335,2024-12-01,A1590,C152,Loan Payment,12083.27,EUR,B905,Private Banking,0.14,8973.75,6.62,68011.19,16411.66,0
T100336,2024-12-02,A7049,C358,Credit,3885.58,EUR,B652,SME,0.7,4265.68,1.65,40815.17,22699.5,0
T100337,2024-12-03,A3426,C982,Investment,6531.1,GBP,B997,Corporate,0.4,10881.36,7.14,1539.49,38122.35,0
T100338,2024-12-04,A8041,C589,Loan Payment,6489.49,GBP,B474,Private Banking,0.43,12865.24,3.18,58292.61,6300.1,0
T100339,2024-12-05,A3088,C216,Loan Payment,7679.94,USD,B643,Retail,0.72,7565.04,7.43,25310.15,9820.96,0
T100340,2024-12-06,A1685,C941,Investment,7027.48,EUR,B613,Corporate,0.69,12307.34,8.4,45025.42,47572.24,0
T100341,2024-12-07,A6050,C166,Loan Payment,32079.65,EUR,B379,SME,0.99,14573.72,8.24,95758.1,8774.58,0
T100342,2024-12-08,A6974,C510,Investment,9175.82,GBP,B950,Retail,0.13,5445.2,5.97,39903.53,28386.37,0
T100343,2024-12-09,A1653,C603,Debit,17348.8,INR,B268,Retail,0.1,9279.96,5.68,83980.16,28965.72,0
T100344,2024-12-10,A6862,C175,Investment,44849.74,EUR,B363,Retail,0.72,6445.66,2.29,18854.06,24481.22,0
T100345,2024-12-11,A4441,C690,Investment,23750.69,INR,B944,Private Banking,0.58,12514.25,7.98,67246.05,32237.26,0
T100346,2024-12-12,A5088,C744,Investment,33411.13,GBP,B593,SME,0.27,9931.12,3.44,97700.7,11491.34,0
T100347,2024-12-13,A2684,C802,Loan Payment,8698.76,GBP,B925,Corporate,0.08,10614.99,5.47,10189.31,27633.11,0
T100348,2024-12-14,A6794,C154,Loan Payment,9695.22,USD,B402,Private Banking,0.09,12574.97,3.56,831.99,18608.66,0
T100349,2024-12-15,A7658,C255,Investment,2139.34,EUR,B864,Private Banking,0.89,7751.65,2.2,43358.28,33083.36,0
T100350,2024-12-16,A3532,C252,Loan Payment,8529.86,INR,B991,Private Banking,0.19,13981.08,6.67,9262.55,7061.18,0
T100351,2024-12-17,A4878,C930,Credit,14001.66,USD,B446,Retail,0.32,9396.35,1.49,74838.43,28543.87,0
T100352,2024-12-18,A3662,C676,Credit,8932.82,EUR,B923,SME,0.23,4895.46,7.74,91454.87,9263.52,0
T100353,2024-12-19,A3900,C411,Loan Payment,4526.26,USD,B217,Private Banking,0.35,11350.79,3.86,43402.1,13932.15,0
T100354,2024-12-20,A7755,C187,Loan Payment,6119.73,GBP,B579,Corporate,0.07,12519.14,1.0,25871.16,10935.49,0
T100355,2024-12-21,A1406,C354,Investment,23092.86,EUR,B177,SME,0.52,6801.14,5.6,43440.33,9141.89,0
T100356,2024-12-22,A3938,C221,Debit,10396.05,USD,B244,Corporate,0.07,13286.15,1.42,72344.78,41285.55,0
T100357,2024-12-23,A6442,C671,Loan Payment,18277.07,USD,B872,SME,0.8,13873.72,3.49,905.42,14285.38,0
T100358,2024-12-24,A7745,C882,Credit,25220.52,INR,B331,Corporate,0.23,6322.85,7.36,58945.4,46356.19,0
T100359,2024-12-25,A5065,C526,Investment,34550.7,USD,B980,Retail,0.54,14802.26,1.56,61329.17,48496.33,0
T100360,2024-12-26,A5371,C720,Loan Payment,2061.68,EUR,B792,Private Banking,0.88,4688.54,8.55,63768.82,28563.02,0
T100361,2024-12-27,A3608,C710,Credit,39990.58,EUR,B841,Corporate,0.65,5424.19,1.03,24202.21,7150.06,0
T100362,2024-12-28,A2771,C909,Credit,31432.23,INR,B790,SME,0.53,5210.7,3.22,71405.27,18727.41,0
T100363,2024-12-29,A7267,C733,Debit,4179.78,EUR,B506,Private Banking,0.32,13727.88,7.67,9139.15,39886.61,0
T100364,2024-12-30,A1634,C331,Investment,43691.57,GBP,B966,Private Banking,0.33,10851.51,3.85,19927.03,18369.54,0
T100365,2024-12-31,A8711,C894,Investment,46051.53,EUR,B923,SME,0.67,4825.25,1.92,87747.0,4350.86,0
T100366,2025-01-01,A4644,C635,Debit,3147.79,EUR,B670,Corporate,0.99,8283.88,4.24,73872.32,27839.25,0
T100367,2025-01-02,A4269,C489,Debit,13916.19,USD,B474,Retail,0.66,10383.58,3.43,1374.56,42256.04,0
T100368,2025-01-03,A8541,C561,Investment,40329.44,USD,B192,Retail,0.56,4001.57,8.58,24837.63,39796.32,0
T100369,2025-01-04,A6728,C553,Investment,37438.16,EUR,B909,Corporate,0.73,13589.0,3.82,21440.65,8756.16,0
T100370,2025-01-05,A6000,C404,Loan Payment,9307.6,INR,B504,Private Banking,0.47,12643.24,8.1,27080.63,33638.23,0
T100371,2025-01-06,A4728,C980,Loan Payment,10546.53,USD,B114,Private Banking,0.06,9062.48,9.03,24755.98,11025.21,0
T100372,2025-01-07,A4652,C702,Debit,18586.56,INR,B370,Private Banking,0.56,14605.52,4.9,6252.63,10910.38,0
T100373,2025-01-08,A1387,C539,Loan Payment,24277.7,EUR,B649,Private Banking,0.96,8013.13,9.19,45894.05,43703.59,0
T100374,2025-01-09,A4164,C412,Credit,30950.91,EUR,B226,Corporate,0.18,14809.32,4.4,73273.35,12483.45,0
T100375,2025-01-10,A7528,C682,Loan Payment,18508.79,GBP,B565,Private Banking,0.69,11015.04,9.68,60673.17,13162.37,0
T100376,2025-01-11,A6378,C735,Loan Payment,23180.48,USD,B477,SME,0.2,10616.06,1.8,67287.17,32.67,0
T100377,2025-01-12,A5564,C161,Credit,37398.8,EUR,B788,Private Banking,0.54,4991.46,7.18,8114.92,43533.45,0
T100378,2025-01-13,A2137,C724,Debit,1930.49,GBP,B866,Retail,0.1,13583.13,5.44,95149.07,39629.74,0
T100379,2025-01-14,A5573,C857,Credit,12696.6,USD,B788,Private Banking,0.45,8129.88,4.49,83849.18,31366.45,0
T100380,2025-01-15,A6753,C201,Loan Payment,35696.14,EUR,B368,Corporate,0.76,4946.8,6.69,80509.03,37513.29,0
T100381,2025-01-16,A9346,C881,Debit,44770.82,EUR,B698,Retail,0.35,3151.29,7.33,82298.38,7602.43,0
T100382,2025-01-17,A7548,C312,Loan Payment,25632.7,USD,B490,Corporate,0.66,9717.07,1.04,93271.05,22916.18,0
T100383,2025-01-18,A9785,C740,Credit,26652.46,USD,B942,Corporate,0.8,9328.8,2.5,54425.4,17560.97,0
T100384,2025-01-19,A6425,C316,Credit,5447.88,USD,B753,Retail,0.93,11632.24,7.42,20028.2,4688.83,0
T100385,2025-01-20,A1452,C370,Loan Payment,22425.88,EUR,B480,Corporate,0.23,13683.1,7.0,61678.36,24306.52,0
T100386,2025-01-21,A2889,C776,Investment,26677.6,EUR,B210,Corporate,0.4,3952.88,9.69,74288.15,46036.98,0
T100387,2025-01-22,A5279,C183,Investment,12199.28,GBP,B791,Private Banking,0.15,11777.96,7.85,73791.74,2002.96,0
T100388,2025-01-23,A3925,C260,Credit,13535.24,INR,B339,SME,0.99,5248.94,9.56,52144.9,14573.05,0
T100389,2025-01-24,A5349,C345,Credit,18926.48,USD,B582,Corporate,0.93,13298.12,7.32,6845.87,10377.05,0
T100390,2025-01-25,A1626,C277,Investment,1101.55,EUR,B125,Corporate,0.54,12828.76,3.68,37111.29,11907.33,0
T100391,2025-01-26,A2776,C665,Investment,16171.75,EUR,B734,Corporate,0.84,9489.53,1.95,92076.66,45421.73,0
T100392,2025-01-27,A8119,C176,Loan Payment,10651.26,USD,B674,Private Banking,0.52,11522.91,8.04,58444.89,23403.45,0
T100393,2025-01-28,A6663,C260,Loan Payment,16442.12,INR,B435,SME,0.62,6772.2,6.8,53833.19,23314.97,0
T100394,2025-01-29,A6139,C102,Investment,6076.13,USD,B724,Retail,0.09,8654.01,1.43,26885.35,38028.78,0
T100395,2025-01-30,A8149,C518,Loan Payment,44537.31,INR,B326,Private Banking,0.76,12859.64,4.24,36844.89,7724.61,0
T100396,2025-01-31,A9379,C561,Loan Payment,29720.26,EUR,B763,Private Banking,0.13,8511.18,9.61,89534.61,24363.27,0
T100397,2025-02-01,A2894,C805,Debit,33987.21,INR,B164,SME,0.83,7293.58,5.5,66646.3,21499.26,0
T100398,2025-02-02,A7311,C708,Loan Payment,39479.64,GBP,B750,SME,0.78,8930.55,4.89,78738.7,29845.53,0
T100399,2025-02-03,A4114,C581,Credit,24972.27,EUR,B943,Private Banking,0.71,12938.99,5.12,45434.54,49977.89,0
T100400,2025-02-04,A5173,C398,Loan Payment,4437.32,GBP,B575,Retail,0.04,7022.5,2.88,63024.72,38472.44,0
T100401,2025-02-05,A1727,C133,Loan Payment,26901.62,USD,B817,Private Banking,0.3,5085.14,4.32,24838.36,19893.29,0
T100402,2025-02-06,A8144,C337,Investment,29383.37,USD,B409,SME,0.26,11544.17,4.33,70546.08,41377.65,0
T100403,2025-02-07,A1027,C395,Credit,37297.43,USD,B764,Retail,0.36,12911.74,1.47,42760.13,8535.42,0
T100404,2025-02-08,A9518,C823,Loan Payment,21639.81,INR,B518,SME,0.09,4207.65,7.91,44254.55,1523.18,0
T100405,2025-02-09,A9821,C389,Loan Payment,6466.26,EUR,B219,Retail,0.94,5878.49,4.75,64932.23,10222.42,0
T100406,2025-02-10,A4228,C819,Debit,14260.42,USD,B243,Corporate,0.55,4703.66,8.4,93628.06,17020.58,0
T100407,2025-02-11,A6967,C980,Loan Payment,18217.81,USD,B146,SME,0.31,7175.3,8.65,6400.63,25529.04,0
T100408,2025-02-12,A8066,C564,Loan Payment,32331.27,EUR,B138,SME,0.4,8404.21,2.91,82474.32,30756.46,0
T100409,2025-02-13,A2146,C172,Debit,28581.84,USD,B411,Private Banking,0.45,11985.92,6.92,29238.31,45530.29,0
T100410,2025-02-14,A6409,C803,Investment,17869.23,GBP,B604,SME,0.6,10813.77,5.25,44391.95,25492.7,0
T100411,2025-02-15,A6143,C339,Loan Payment,49327.11,EUR,B218,SME,0.52,10451.14,8.92,2191.33,25063.78,0
T100412,2025-02-16,A3041,C370,Debit,30328.16,EUR,B199,Corporate,0.92,7228.5,2.94,30104.61,2512.15,0
T100413,2025-02-17,A5920,C906,Credit,11937.62,EUR,B340,SME,0.5,13097.37,7.1,50263.12,1745.58,0
T100414,2025-02-18,A9308,C910,Investment,5178.95,GBP,B650,Corporate,0.99,8655.45,6.47,5617.61,27558.0,0
T100415,2025-02-19,A6067,C740,Credit,7727.67,EUR,B238,Corporate,0.85,14749.26,3.66,49109.57,21908.93,0
T100416,2025-02-20,A7691,C703,Credit,12373.29,GBP,B497,Corporate,0.21,10609.71,2.23,92711.06,41959.02,0
T100417,2025-02-21,A6344,C777,Debit,8118.0,EUR,B564,Corporate,0.93,4515.18,6.86,10539.32,8033.98,0
T100418,2025-02-22,A7592,C923,Loan Payment,9409.69,INR,B479,Retail,0.12,11114.13,7.65,76444.07,1248.58,0
T100419,2025-02-23,A5844,C302,Debit,14326.25,USD,B786,Private Banking,0.82,6901.25,3.84,40967.11,22451.94,0
T100420,2025-02-24,A3085,C535,Debit,8751.34,INR,B860,Retail,0.38,11235.93,6.8,65517.37,11873.93,0
T100421,2025-02-25,A4143,C217,Debit,44848.59,USD,B813,SME,0.88,3835.69,4.56,26023.66,2480.72,1
T100422,2025-02-26,A7888,C657,Debit,4103.66,GBP,B653,Retail,0.87,5098.58,7.42,15949.23,36229.91,0
T100423,2025-02-27,A7211,C330,Investment,26273.12,INR,B529,Retail,0.81,13268.85,2.79,16046.26,5579.65,0
T100424,2025-02-28,A3851,C763,Loan Payment,20578.8,EUR,B701,SME,0.79,5726.15,9.01,7049.19,30415.98,0
T100425,2025-03-01,A5930,C252,Credit,49120.69,USD,B860,SME,0.3,13044.49,3.59,18564.67,14052.49,1
T100426,2025-03-02,A7653,C372,Credit,5690.74,USD,B844,SME,0.08,6351.31,4.31,66421.94,8674.8,0
T100427,2025-03-03,A9977,C946,Loan Payment,19952.99,INR,B258,Retail,0.4,10714.58,1.52,88169.06,18987.58,0
T100428,2025-03-04,A1006,C245,Credit,48476.57,GBP,B524,Retail,0.17,11329.81,2.0,81412.57,40072.29,0
T100429,2025-03-05,A5978,C173,Loan Payment,43288.81,INR,B770,SME,0.69,9151.86,5.64,68513.43,19604.68,0
T100430,2025-03-06,A5700,C161,Credit,40871.9,GBP,B201,Private Banking,0.35,6663.73,3.41,11043.19,37538.48,0
T100431,2025-03-07,A4443,C269,Debit,12969.35,GBP,B953,Private Banking,0.98,5551.73,8.52,28918.74,6274.31,0
T100432,2025-03-08,A8043,C911,Credit,8627.29,USD,B601,Corporate,0.64,3398.27,1.13,30980.69,38638.57,0
T100433,2025-03-09,A6279,C414,Loan Payment,33465.3,INR,B730,SME,0.82,6647.36,4.41,24995.69,11846.67,0
T100434,2025-03-10,A8618,C709,Loan Payment,46475.86,INR,B517,Corporate,0.13,10837.95,4.04,51500.57,33869.66,0
T100435,2025-03-11,A8238,C866,Loan Payment,27882.47,GBP,B386,Private Banking,0.86,14259.66,1.17,53555.38,28289.08,0
T100436,2025-03-12,A8244,C944,Loan Payment,28623.47,INR,B133,Corporate,0.92,13454.45,2.12,35688.6,46457.24,0
T100437,2025-03-13,A4501,C682,Loan Payment,14070.96,EUR,B806,SME,0.49,12192.78,4.72,35378.92,19366.13,0
T100438,2025-03-14,A9375,C395,Investment,38497.7,EUR,B479,SME,0.61,12461.37,5.44,82855.56,3308.26,0
T100439,2025-03-15,A8752,C549,Investment,9433.48,INR,B322,SME,0.76,10979.82,4.64,78929.28,957.77,0
T100440,2025-03-16,A3780,C227,Credit,16251.59,INR,B554,Retail,0.17,6123.44,5.78,30779.58,41342.93,0
T100441,2025-03-17,A2389,C579,Loan Payment,21329.28,GBP,B555,Corporate,0.5,13886.34,6.36,91378.84,26236.78,0
T100442,2025-03-18,A5649,C805,Credit,25429.76,EUR,B341,Private Banking,0.4,11048.79,1.09,95281.5,38762.2,0
T100443,2025-03-19,A9445,C411,Loan Payment,12196.25,EUR,B975,Private Banking,0.15,9725.29,5.18,32674.25,11721.28,0
T100444,2025-03-20,A6491,C816,Loan Payment,5830.36,USD,B471,Private Banking,0.37,4331.87,9.67,35442.49,17254.19,0
T100445,2025-03-21,A2530,C512,Investment,30569.94,GBP,B201,Retail,0.07,8364.67,5.67,50563.42,1505.19,0
T100446,2025-03-22,A4848,C378,Investment,14502.66,USD,B802,Retail,0.03,8524.3,7.1,94112.08,48074.62,0
T100447,2025-03-23,A6085,C612,Debit,29103.79,EUR,B476,SME,0.14,13374.76,3.81,87631.94,33393.4,0
T100448,2025-03-24,A4680,C652,Investment,7802.7,GBP,B657,Private Banking,0.96,9559.78,7.97,10256.8,46660.25,0
T100449,2025-03-25,A4262,C605,Debit,24108.89,INR,B760,Retail,0.55,7564.81,7.96,39273.07,13274.82,0
T100450,2025-03-26,A3414,C548,Debit,26676.21,GBP,B467,SME,0.97,14721.6,5.69,55337.12,30573.18,0
T100451,2025-03-27,A1400,C182,Debit,2685.99,INR,B162,Private Banking,0.43,4328.65,9.78,50313.25,33925.0,0
T100452,2025-03-28,A1757,C712,Debit,16896.55,INR,B507,Corporate,0.31,8070.58,2.13,19386.31,15877.49,0
T100453,2025-03-29,A5011,C140,Debit,6807.29,GBP,B382,SME,0.51,3504.3,1.15,85881.68,42405.46,0
T100454,2025-03-30,A8784,C542,Credit,3262.41,INR,B294,Retail,0.44,11878.85,7.93,67694.08,47358.07,0
T100455,2025-03-31,A2193,C852,Investment,49499.02,USD,B225,Retail,0.11,14016.92,8.26,83790.84,44242.76,0
T100456,2025-04-01,A8461,C430,Debit,16185.46,EUR,B968,SME,0.64,6360.45,2.08,85876.43,36953.35,0
T100457,2025-04-02,A7790,C718,Loan Payment,40512.73,INR,B943,SME,0.22,13300.1,3.39,74835.59,13873.23,0
T100458,2025-04-03,A4185,C356,Investment,12806.57,USD,B565,Retail,0.62,6506.62,1.16,43921.06,14080.8,0
T100459,2025-04-04,A7291,C126,Investment,34106.99,INR,B193,Corporate,0.65,13929.24,3.64,61054.68,48168.02,0
T100460,2025-04-05,A9099,C193,Debit,38035.37,EUR,B778,Private Banking,0.15,12047.54,7.96,16036.54,514.22,0
T100461,2025-04-06,A7547,C334,Credit,29822.37,USD,B317,Corporate,0.06,12658.88,5.66,67364.54,35802.5,0
T100462,2025-04-07,A4997,C790,Debit,23631.65,EUR,B757,SME,0.78,3216.08,4.13,17925.33,35312.31,0
T100463,2025-04-08,A3417,C956,Credit,20650.86,EUR,B754,Corporate,0.46,14553.72,4.35,69394.96,31134.48,0
T100464,2025-04-09,A1090,C981,Loan Payment,17508.53,USD,B711,Retail,0.06,11720.05,1.01,22959.82,49505.44,0
T100465,2025-04-10,A2746,C689,Investment,46483.5,USD,B121,SME,0.99,6657.01,3.7,11755.13,15593.97,0
T100466,2025-04-11,A7965,C701,Loan Payment,41547.91,USD,B151,Private Banking,0.06,12952.74,6.82,16528.45,16998.59,0
T100467,2025-04-12,A4585,C121,Credit,48254.84,GBP,B905,Retail,0.7,6378.25,9.77,199.21,3946.97,0
T100468,2025-04-13,A3881,C883,Credit,6302.43,USD,B441,Retail,0.98,13473.05,8.62,71873.96,22139.91,0
T100469,2025-04-14,A9486,C788,Loan Payment,36570.29,USD,B349,Private Banking,0.24,4350.96,1.21,73240.1,13052.43,0
T100470,2025-04-15,A8611,C941,Credit,46923.19,USD,B228,Private Banking,0.14,11444.23,9.09,51493.33,17169.34,0
T100471,2025-04-16,A1822,C375,Loan Payment,9143.53,USD,B905,Corporate,0.12,9488.38,8.05,16136.28,41728.59,0
T100472,2025-04-17,A5082,C690,Investment,3418.16,INR,B678,SME,0.3,4158.41,8.02,8355.43,46774.23,0
T100473,2025-04-18,A2988,C141,Loan Payment,37081.92,GBP,B310,Private Banking,0.1,5902.73,5.12,1912.9,9286.65,0
T100474,2025-04-19,A8478,C881,Investment,28766.21,EUR,B170,Private Banking,0.69,3148.85,4.58,16574.82,18625.45,0
T100475,2025-04-20,A3184,C874,Loan Payment,42107.26,USD,B949,SME,0.06,8625.22,3.73,89085.55,46431.53,0
T100476,2025-04-21,A8612,C279,Credit,7074.64,INR,B883,Private Banking,0.51,6615.18,1.59,24153.68,3090.42,0
T100477,2025-04-22,A9702,C581,Loan Payment,39783.84,INR,B667,Private Banking,1.0,10180.29,3.05,35427.13,4618.03,0
T100478,2025-04-23,A6198,C631,Credit,10161.2,INR,B312,Corporate,0.81,6566.85,3.22,10534.55,8139.55,0
T100479,2025-04-24,A8251,C767,Loan Payment,8266.43,EUR,B700,Retail,0.62,6599.03,5.36,22236.13,29760.64,0
T100480,2025-04-25,A9270,C552,Loan Payment,8296.86,USD,B321,Retail,0.31,11918.32,7.73,51922.46,7523.61,0
T100481,2025-04-26,A7991,C384,Debit,40747.28,GBP,B932,Retail,0.62,3577.71,5.26,60775.27,48403.82,0
T100482,2025-04-27,A9976,C285,Credit,33293.34,GBP,B990,Retail,0.53,13834.74,1.52,24535.23,22335.73,0
T100483,2025-04-28,A8305,C699,Debit,26200.96,INR,B338,Private Banking,0.43,13227.17,9.62,5773.22,25075.9,0
T100484,2025-04-29,A3607,C546,Credit,18005.64,EUR,B436,SME,0.13,11013.66,9.48,39103.29,12332.93,0
T100485,2025-04-30,A8777,C750,Debit,43872.31,EUR,B892,SME,0.89,10118.66,8.07,23420.34,23548.01,0
T100486,2025-05-01,A8373,C933,Investment,19683.01,EUR,B251,Corporate,0.45,13707.63,9.92,21955.39,33095.68,0
T100487,2025-05-02,A5246,C603,Loan Payment,40848.31,GBP,B907,Corporate,0.19,5223.96,5.9,95986.28,37558.86,0
T100488,2025-05-03,A5050,C193,Credit,22012.83,INR,B710,Private Banking,0.37,3947.63,9.66,61630.05,37693.4,0
T100489,2025-05-04,A5543,C581,Credit,18909.53,USD,B102,SME,0.41,5874.12,1.68,55687.84,28894.56,0
T100490,2025-05-05,A9540,C456,Loan Payment,23187.72,GBP,B383,SME,0.83,12534.94,4.29,41577.51,45217.99,0
T100491,2025-05-06,A8939,C518,Credit,15138.76,INR,B979,Retail,0.73,3416.04,3.03,42894.43,40870.39,0
T100492,2025-05-07,A4919,C441,Credit,37405.71,INR,B248,Private Banking,0.77,9993.68,2.76,54090.5,37852.41,0
T100493,2025-05-08,A5499,C428,Debit,25185.75,USD,B233,Private Banking,0.01,14945.25,2.27,69642.98,2780.28,0
T100494,2025-05-09,A8206,C786,Credit,11687.41,USD,B653,Retail,0.42,13268.35,6.6,70214.61,343.9,0
T100495,2025-05-10,A2269,C207,Investment,44988.77,USD,B356,Private Banking,0.48,9257.35,8.03,17169.39,10622.36,0
T100496,2025-05-11,A5681,C978,Investment,19256.17,EUR,B917,Private Banking,0.02,3763.69,6.2,50011.28,33176.18,0
T100497,2025-05-12,A4841,C264,Loan Payment,27223.29,USD,B278,Corporate,0.26,12976.48,2.32,41195.81,20559.87,0
T100498,2025-05-13,A5451,C437,Credit,45332.96,INR,B212,SME,0.76,10187.74,8.3,87052.7,20120.31,0
T100499,2025-05-14,A6502,C521,Loan Payment,31249.48,USD,B776,Private Banking,0.14,4379.2,6.72,63141.89,44229.34,0
